{
  "model": {
    "type": "minecraft:select",
    "property": "minecraft:custom_model_data",
    "cases": [
      {
        "when": "uno_reverse",
        "model": {
          "type": "minecraft:condition",
          "property": "minecraft:selected",
          "on_true": {
            "type": "minecraft:model",
            "model": "item_model_guide:item/uno_reverse"
          },
		  "on_false": {
            "type": "minecraft:model",
            "model": "minecraft:item/iron_nugget"
          }
        }
      },
      {
        "when": "uno_reverse_layered",
        "model": {
          "type": "minecraft:composite",
          "models": [
            {
              "type": "minecraft:model",
              "model": "item_model_guide:item/uno_reverse"
            },
            {
              "type": "minecraft:model",
              "model": "minecraft:item/red_stained_glass_pane"
            }
          ]
        }
      }
    ],
    "fallback": {
      "type": "minecraft:model",
      "model": "minecraft:item/iron_nugget"
    }
  }
}